{"AntiDecodeStr":false,"FlowData":false,"FlowDict":"","FlowEncodeResId":true,"FlowEncodeString":true,"FlowExpireTime":"","FlowExpireTip":"","FlowFakeMethod":false,"FlowHideMethod":true,"FlowHzl":false,"FlowPth":false,"FlowRemoveDebug":false,"FlowRemoveAnnotation":true,"FlowRules":"**","FlowSetExpireException":true,"FlowSetExpireTime":false,"FlowYh1":false,"FlowYhFlatten":false,"FlowYhHZL":false,"FlowYhReflect":false,"FlowYhRepStmts":false,"Jar2DexByServer":false,"Jar2DexMinSdkVersion":"13","NeedFlowJAR2":"","OnlyInRules":false,"MappingFilePath":""}